{
    "tasks": [
        {
            "taskid": "101",
            "empid": "1024393",
            "empName": "Prasad Naik",
            "task": "Develop Task Planner App"
        },
        {
            "taskid": "102",
            "empid": "9215821",
            "empName": "Kandeepan",
            "task": "Resolution of VDI Lagging issue"
        },
        {
            "taskid": "103",
            "empid": "8323192",
            "empName": "Shashi",
            "task": "Reconfiguration of the System"
        },
        {
            "taskid": "104",
            "empid": "6723121",
            "empName": "Sandeep",
            "task": "Develop Docker file"
        },
        {
            "taskid": "105",
            "empid": "9023424",
            "empName": "Adarsh",
            "task": "Drop employee table in MongoDB"
        },
        {
            "taskid": "107",
            "empid": "123456",
            "empName": "Jeevita",
            "task": "Python Self Learn"
        }
    ]
}